arena,gpu_name,device,optimizer,lr,value,failed,selected
nlp,NVIDIA H100 80GB HBM3,cuda,adam,1e-05,3.0906844305992127,False,False
nlp,NVIDIA H100 80GB HBM3,cuda,adam,3.1622776601683795e-05,2.7041400623321534,False,False
nlp,NVIDIA H100 80GB HBM3,cuda,adam,0.0001,2.6438301968574525,False,False
nlp,NVIDIA H100 80GB HBM3,cuda,adam,0.00031622776601683794,2.5892759120464324,False,True
nlp,NVIDIA H100 80GB HBM3,cuda,adam,0.001,2.6713222801685332,False,False
nlp,NVIDIA H100 80GB HBM3,cuda,adam,0.0031622776601683794,3.023673152923584,False,False
nlp,NVIDIA H100 80GB HBM3,cuda,adam,0.01,2.930999836921692,False,False
nlp,NVIDIA H100 80GB HBM3,cuda,adamw,1e-05,2.7543281424045563,False,False
nlp,NVIDIA H100 80GB HBM3,cuda,adamw,3.1622776601683795e-05,2.245788586139679,False,False
nlp,NVIDIA H100 80GB HBM3,cuda,adamw,0.0001,1.6916926473379135,False,False
nlp,NVIDIA H100 80GB HBM3,cuda,adamw,0.00031622776601683794,1.386021789610386,False,True
nlp,NVIDIA H100 80GB HBM3,cuda,adamw,0.001,1.49523308634758,False,False
nlp,NVIDIA H100 80GB HBM3,cuda,adamw,0.0031622776601683794,2.3404404604434967,False,False
nlp,NVIDIA H100 80GB HBM3,cuda,adamw,0.01,2.420491336584091,False,False
nlp,NVIDIA H100 80GB HBM3,cuda,lion,1e-05,2.7426183187961577,False,False
nlp,NVIDIA H100 80GB HBM3,cuda,lion,3.1622776601683795e-05,2.084704027175903,False,False
nlp,NVIDIA H100 80GB HBM3,cuda,lion,0.0001,1.5893732273578645,False,False
nlp,NVIDIA H100 80GB HBM3,cuda,lion,0.00031622776601683794,1.4282845857739448,False,True
nlp,NVIDIA H100 80GB HBM3,cuda,lion,0.001,2.3305143797397614,False,False
nlp,NVIDIA H100 80GB HBM3,cuda,lion,0.0031622776601683794,2.633380615711212,False,False
nlp,NVIDIA H100 80GB HBM3,cuda,lion,0.01,3.094175534248352,False,False
nlp,NVIDIA H100 80GB HBM3,cuda,psilogic,1e-05,2.7566637587547302,False,False
nlp,NVIDIA H100 80GB HBM3,cuda,psilogic,3.1622776601683795e-05,2.227116817831993,False,False
nlp,NVIDIA H100 80GB HBM3,cuda,psilogic,0.0001,1.7347762256860733,False,False
nlp,NVIDIA H100 80GB HBM3,cuda,psilogic,0.00031622776601683794,1.4166391438245773,False,True
nlp,NVIDIA H100 80GB HBM3,cuda,psilogic,0.001,1.4756719982624054,False,False
nlp,NVIDIA H100 80GB HBM3,cuda,psilogic,0.0031622776601683794,2.2999101996421816,False,False
nlp,NVIDIA H100 80GB HBM3,cuda,psilogic,0.01,2.4052104532718657,False,False
vit,NVIDIA H100 80GB HBM3,cuda,adam,1e-05,0.051,False,False
vit,NVIDIA H100 80GB HBM3,cuda,adam,3.1622776601683795e-05,0.0579,False,True
vit,NVIDIA H100 80GB HBM3,cuda,adam,0.0001,0.0506,False,False
vit,NVIDIA H100 80GB HBM3,cuda,adam,0.00031622776601683794,0.0419,False,False
vit,NVIDIA H100 80GB HBM3,cuda,adam,0.001,0.0333,False,False
vit,NVIDIA H100 80GB HBM3,cuda,adam,0.0031622776601683794,0.0331,False,False
vit,NVIDIA H100 80GB HBM3,cuda,adam,0.01,0.0194,False,False
vit,NVIDIA H100 80GB HBM3,cuda,adamw,1e-05,0.0712,False,False
vit,NVIDIA H100 80GB HBM3,cuda,adamw,3.1622776601683795e-05,0.0941,False,False
vit,NVIDIA H100 80GB HBM3,cuda,adamw,0.0001,0.107,False,False
vit,NVIDIA H100 80GB HBM3,cuda,adamw,0.00031622776601683794,0.1086,False,True
vit,NVIDIA H100 80GB HBM3,cuda,adamw,0.001,0.0973,False,False
vit,NVIDIA H100 80GB HBM3,cuda,adamw,0.0031622776601683794,0.0309,False,False
vit,NVIDIA H100 80GB HBM3,cuda,adamw,0.01,0.0293,False,False
vit,NVIDIA H100 80GB HBM3,cuda,lion,1e-05,0.0873,False,False
vit,NVIDIA H100 80GB HBM3,cuda,lion,3.1622776601683795e-05,0.1097,False,False
vit,NVIDIA H100 80GB HBM3,cuda,lion,0.0001,0.1102,False,True
vit,NVIDIA H100 80GB HBM3,cuda,lion,0.00031622776601683794,0.1014,False,False
vit,NVIDIA H100 80GB HBM3,cuda,lion,0.001,0.03,False,False
vit,NVIDIA H100 80GB HBM3,cuda,lion,0.0031622776601683794,0.024,False,False
vit,NVIDIA H100 80GB HBM3,cuda,lion,0.01,0.0115,False,False
vit,NVIDIA H100 80GB HBM3,cuda,psilogic,1e-05,0.07,False,False
vit,NVIDIA H100 80GB HBM3,cuda,psilogic,3.1622776601683795e-05,0.0922,False,False
vit,NVIDIA H100 80GB HBM3,cuda,psilogic,0.0001,0.1134,False,False
vit,NVIDIA H100 80GB HBM3,cuda,psilogic,0.00031622776601683794,0.1176,False,True
vit,NVIDIA H100 80GB HBM3,cuda,psilogic,0.001,0.0973,False,False
vit,NVIDIA H100 80GB HBM3,cuda,psilogic,0.0031622776601683794,0.0304,False,False
vit,NVIDIA H100 80GB HBM3,cuda,psilogic,0.01,0.0191,False,False
resnet,NVIDIA H100 80GB HBM3,cuda,adam,1e-05,0.0357,False,False
resnet,NVIDIA H100 80GB HBM3,cuda,adam,3.1622776601683795e-05,0.0592,False,False
resnet,NVIDIA H100 80GB HBM3,cuda,adam,0.0001,0.0778,False,True
resnet,NVIDIA H100 80GB HBM3,cuda,adam,0.00031622776601683794,0.0773,False,False
resnet,NVIDIA H100 80GB HBM3,cuda,adam,0.001,0.0414,False,False
resnet,NVIDIA H100 80GB HBM3,cuda,adam,0.0031622776601683794,0.0263,False,False
resnet,NVIDIA H100 80GB HBM3,cuda,adam,0.01,0.0168,False,False
resnet,NVIDIA H100 80GB HBM3,cuda,adamw,1e-05,0.0349,False,False
resnet,NVIDIA H100 80GB HBM3,cuda,adamw,3.1622776601683795e-05,0.06,False,False
resnet,NVIDIA H100 80GB HBM3,cuda,adamw,0.0001,0.0789,False,False
resnet,NVIDIA H100 80GB HBM3,cuda,adamw,0.00031622776601683794,0.0882,False,True
resnet,NVIDIA H100 80GB HBM3,cuda,adamw,0.001,0.0607,False,False
resnet,NVIDIA H100 80GB HBM3,cuda,adamw,0.0031622776601683794,0.0394,False,False
resnet,NVIDIA H100 80GB HBM3,cuda,adamw,0.01,0.0216,False,False
resnet,NVIDIA H100 80GB HBM3,cuda,lion,1e-05,0.0659,False,False
resnet,NVIDIA H100 80GB HBM3,cuda,lion,3.1622776601683795e-05,0.0883,False,False
resnet,NVIDIA H100 80GB HBM3,cuda,lion,0.0001,0.1002,False,True
resnet,NVIDIA H100 80GB HBM3,cuda,lion,0.00031622776601683794,0.0765,False,False
resnet,NVIDIA H100 80GB HBM3,cuda,lion,0.001,0.0607,False,False
resnet,NVIDIA H100 80GB HBM3,cuda,lion,0.0031622776601683794,0.0133,False,False
resnet,NVIDIA H100 80GB HBM3,cuda,lion,0.01,0.0149,False,False
resnet,NVIDIA H100 80GB HBM3,cuda,psilogic,1e-05,0.0287,False,False
resnet,NVIDIA H100 80GB HBM3,cuda,psilogic,3.1622776601683795e-05,0.0564,False,False
resnet,NVIDIA H100 80GB HBM3,cuda,psilogic,0.0001,0.0833,False,False
resnet,NVIDIA H100 80GB HBM3,cuda,psilogic,0.00031622776601683794,0.0991,False,True
resnet,NVIDIA H100 80GB HBM3,cuda,psilogic,0.001,0.088,False,False
resnet,NVIDIA H100 80GB HBM3,cuda,psilogic,0.0031622776601683794,0.0585,False,False
resnet,NVIDIA H100 80GB HBM3,cuda,psilogic,0.01,0.0437,False,False
diffusion,NVIDIA H100 80GB HBM3,cuda,adam,1e-05,0.09432929943004263,False,False
diffusion,NVIDIA H100 80GB HBM3,cuda,adam,3.1622776601683795e-05,0.05507347948009917,False,False
diffusion,NVIDIA H100 80GB HBM3,cuda,adam,0.0001,0.03648307083270394,False,False
diffusion,NVIDIA H100 80GB HBM3,cuda,adam,0.00031622776601683794,0.028200166328258572,False,False
diffusion,NVIDIA H100 80GB HBM3,cuda,adam,0.001,0.027884515420816817,False,True
diffusion,NVIDIA H100 80GB HBM3,cuda,adam,0.0031622776601683794,0.7137563453632513,False,False
diffusion,NVIDIA H100 80GB HBM3,cuda,adam,0.01,0.9999028148473645,False,False
diffusion,NVIDIA H100 80GB HBM3,cuda,adamw,1e-05,0.09432929943004263,False,False
diffusion,NVIDIA H100 80GB HBM3,cuda,adamw,3.1622776601683795e-05,0.05507347948009917,False,False
diffusion,NVIDIA H100 80GB HBM3,cuda,adamw,0.0001,0.03648307083270394,False,False
diffusion,NVIDIA H100 80GB HBM3,cuda,adamw,0.00031622776601683794,0.028200166328258572,False,False
diffusion,NVIDIA H100 80GB HBM3,cuda,adamw,0.001,0.027884515420816817,False,True
diffusion,NVIDIA H100 80GB HBM3,cuda,adamw,0.0031622776601683794,0.7137563453632513,False,False
diffusion,NVIDIA H100 80GB HBM3,cuda,adamw,0.01,0.9999028148473645,False,False
diffusion,NVIDIA H100 80GB HBM3,cuda,lion,1e-05,0.07302381569292164,False,False
diffusion,NVIDIA H100 80GB HBM3,cuda,lion,3.1622776601683795e-05,0.03834906604862958,False,False
diffusion,NVIDIA H100 80GB HBM3,cuda,lion,0.0001,0.027664589777740372,False,True
diffusion,NVIDIA H100 80GB HBM3,cuda,lion,0.00031622776601683794,0.028396768126000844,False,False
diffusion,NVIDIA H100 80GB HBM3,cuda,lion,0.001,0.07849945258821783,False,False
diffusion,NVIDIA H100 80GB HBM3,cuda,lion,0.0031622776601683794,1.0025485826746146,False,False
diffusion,NVIDIA H100 80GB HBM3,cuda,lion,0.01,1.6336042965631845,False,False
diffusion,NVIDIA H100 80GB HBM3,cuda,psilogic,1e-05,0.08122613089359022,False,False
diffusion,NVIDIA H100 80GB HBM3,cuda,psilogic,3.1622776601683795e-05,0.04925965276069668,False,False
diffusion,NVIDIA H100 80GB HBM3,cuda,psilogic,0.0001,0.03422523489717888,False,False
diffusion,NVIDIA H100 80GB HBM3,cuda,psilogic,0.00031622776601683794,0.027446502491685402,False,False
diffusion,NVIDIA H100 80GB HBM3,cuda,psilogic,0.001,0.026848819098725985,False,True
diffusion,NVIDIA H100 80GB HBM3,cuda,psilogic,0.0031622776601683794,0.93368493932199,False,False
diffusion,NVIDIA H100 80GB HBM3,cuda,psilogic,0.01,0.9869910113043441,False,False
